Stanmore,CanonsPark,2.25
CanonsPark,Queensbury,2.25
Queensbury,Kingsbury,2
Kingsbury,WembleyPark,3.75
WembleyPark,Neasden,2.75
DollisHill,WillesdenGreen,2.25
Kilburn,WestHampstead,1.75
WestHampstead,FinchleyRoad,1.75
FinchleyRoad,SwissCottage,1.25
SwissCottage,StJohnsWood,1.75
StJohnsWood,BakerStreet,2.5
BondStreet,GreenPark,1.75
GreenPark,CharingCross,2.5
Westminster,Waterloo,1.75
Southwark,LondonBridge,2
LondonBridge,Bermondsey,2.25
Bermondsey,CanadaWater,1.75
CanadaWater,CanaryWharf,2.5
CanaryWharf,NorthGreenwich,2.25
NorthGreenwich,CanningTown,2.5
CanningTown,WestHam,2.5
WestHam,Stratford,3.25
CanonsPark,Stanmore,2
Queensbury,CanonsPark,2.25
Kingsbury,Queensbury,2
WembleyPark,Kingsbury,3.5
Neasden,WembleyPark,2.75
WillesdenGreen,DollisHill,2
WestHampstead,Kilburn,2
FinchleyRoad,WestHampstead,1.25
SwissCottage,FinchleyRoad,1.5
StJohnsWood,SwissCottage,1.75
BakerStreet,StJohnsWood,2.75
GreenPark,BondStreet,2
CharingCross,GreenPark,2.5
Waterloo,Westminster,1.75
LondonBridge,Southwark,1.75
Bermondsey,LondonBridge,2.25
CanadaWater,Bermondsey,1.75
CanaryWharf,CanadaWater,2.5
NorthGreenwich,CanaryWharf,2
CanningTown,NorthGreenwich,2.25
WestHam,CanningTown,2.25
Stratford,WestHam,2.75
Harrow&Wealdstone,Kenton,2.5
Kenton,SouthKenton,2
SouthKenton,NorthWembley,2
NorthWembley,WembleyCentral,2
WembleyCentral,StonebridgePark,2.5
StonebridgePark,Harlesden,2.5
Harlesden,WillesdenJunction,2
WillesdenJunction,KensalGreen,2.5
KensalGreen,Queen’sPark,3.5
Queen’sPark,KilburnPark,1.5
KilburnPark,MaidaVale,2
MaidaVale,WarwickAvenue,1.5
WarwickAvenue,PaddingtonB,2
PaddingtonB,EdgwareRoad,1.5
EdgwareRoad,Marylebone,1.5
Marylebone,BakerStreet,1.5
BakerStreet,RegentsPark,1.5
RegentsPark,OxfordCircus,2.5
OxfordCircus,PiccadillyCircus,2
PiccadillyCircus,CharingCross,1.5
CharingCross,Embankment,1
Embankment,Waterloo,2
Waterloo,LambethNorth,1.5
LambethNorth,Elephant&Castle,3
Kenton,Harrow&Wealdstone,2.5
SouthKenton,Kenton,2
NorthWembley,SouthKenton,2
WembleyCentral,NorthWembley,2
StonebridgePark,WembleyCentral,2.5
Harlesden,StonebridgePark,2.5
WillesdenJunction,Harlesden,2
KensalGreen,WillesdenJunction,3
Queen’sPark,KensalGreen,3
KilburnPark,Queen’sPark,2.5
MaidaVale,KilburnPark,2
WarwickAvenue,MaidaVale,1.5
PaddingtonB,WarwickAvenue,2
EdgwareRoad,PaddingtonB,2
Marylebone,EdgwareRoad,1
BakerStreet,Marylebone,1
RegentsPark,BakerStreet,2
OxfordCircus,RegentsPark,2
PiccadillyCircus,OxfordCircus,2
CharingCross,PiccadillyCircus,2
Embankment,CharingCross,1
Waterloo,Embankment,1.5
LambethNorth,Waterloo,2
Elephant&Castle,LambethNorth,2
Epping,TheydonBois,2.75
TheydonBois,Debden,3.5
Debden,Loughton,3
Loughton,BuckhurstHill,2.5
BuckhurstHill,Woodford,2.75
Hainault,GrangeHill,2
GrangeHill,Chigwell,2
Chigwell,RodingValley,3.5
RodingValley,Woodford,2.5
Woodford,SouthWoodford,3
SouthWoodford,Snaresbrook,2
Snaresbrook,Leytonstone,2.75
Hainault,Fairlop,2
Fairlop,Barkingside,1.75
Barkingside,NewburyPark,2
NewburyPark,GantsHill,3
GantsHill,Redbridge,1.75
Redbridge,Wanstead,2
Wanstead,Leytonstone,2.75
Leytonstone,Leyton,2.25
Leyton,Stratford,2.75
Stratford,MileEnd,3.5
MileEnd,BethnalGreen,2.75
BethnalGreen,LiverpoolStreet,3.25
LiverpoolStreet,Bank,2
Bank,StPaul’s,1.75
StPaul’s,ChanceryLane,2
ChanceryLane,Holborn,1.25
Holborn,TottenhamCourtRoad,1.75
TottenhamCourtRoad,OxfordCircus,1.25
OxfordCircus,BondStreet,1.5
BondStreet,MarbleArch,1.5
MarbleArch,LancasterGate,1.75
LancasterGate,Queensway,2
Queensway,NottingHillGate,1.5
NottingHillGate,HollandPark,1.5
HollandPark,Shepherd’sBush,1.75
Shepherd’sBush,WhiteCity,3.25
WhiteCity,EastActon,2.75
EastActon,NorthActon,2
NorthActon,WestActon,2.75
WestActon,EalingBroadway,2.75
NorthActon,HangerLane,3.25
HangerLane,Perivale,2.5
Perivale,Greenford,2.25
Greenford,Northolt,2.25
Northolt,SouthRuislip,2.5
SouthRuislip,RuislipGardens,1.75
RuislipGardens,WestRuislip,2.5
TheydonBois,Epping,2.75
Debden,TheydonBois,3.25
Loughton,Debden,2.5
BuckhurstHill,Loughton,2.5
Woodford,BuckhurstHill,2.5
GrangeHill,Hainault,2.25
Chigwell,GrangeHill,2.25
RodingValley,Chigwell,3
Woodford,RodingValley,2.5
SouthWoodford,Woodford,2.25
Snaresbrook,SouthWoodford,2
Leytonstone,Snaresbrook,2.25
Fairlop,Hainault,2
Barkingside,Fairlop,1.75
NewburyPark,Barkingside,1.75
GantsHill,NewburyPark,3
Redbridge,GantsHill,2
Wanstead,Redbridge,2
Leytonstone,Wanstead,2.25
Leyton,Leytonstone,2.5
Stratford,Leyton,2.75
MileEnd,Stratford,3.5
BethnalGreen,MileEnd,2.25
LiverpoolStreet,BethnalGreen,3
Bank,LiverpoolStreet,2.25
StPaul’s,Bank,2
ChanceryLane,StPaul’s,1.75
Holborn,ChanceryLane,1.25
TottenhamCourtRoad,Holborn,2
OxfordCircus,TottenhamCourtRoad,1.25
BondStreet,OxfordCircus,1.5
MarbleArch,BondStreet,1.25
LancasterGate,MarbleArch,2.5
Queensway,LancasterGate,1.5
NottingHillGate,Queensway,1.5
HollandPark,NottingHillGate,1.5
Shepherd’sBush,HollandPark,1.75
WhiteCity,Shepherd’sBush,2.75
EastActon,WhiteCity,3
NorthActon,EastActon,1.75
WestActon,NorthActon,3
EalingBroadway,WestActon,2.25
HangerLane,NorthActon,3.5
Perivale,HangerLane,2.5
Greenford,Perivale,2
Northolt,Greenford,2.25
SouthRuislip,Northolt,2.75
RuislipGardens,SouthRuislip,1.5
WestRuislip,RuislipGardens,2.5
Barking,EastHam,3.5
EastHam,UptonPark,2
UptonPark,Plaistow,2
Plaistow,WestHam,2
WestHam,Bromley-by-Bow,2
Bromley-by-Bow,BowRoad,2.5
BowRoad,MileEnd,1.5
MileEnd,StepneyGreen,2
StepneyGreen,Whitechapel,2.5
Whitechapel,AldgateEast,2.5
AldgateEast,LiverpoolStreet,3
LiverpoolStreet,Moorgate,1.5
Moorgate,Barbican,1.5
Barbican,Farringdon,2
Farringdon,King’sCross,3.5
King’sCross,EustonSquare,2
EustonSquare,GreatPortlandStreet,1.5
GreatPortlandStreet,BakerStreet,2
BakerStreet,EdgwareRoad,2.5
EdgwareRoad,PaddingtonC,2
PaddingtonC,RoyalOak,1.5
RoyalOak,WestbournePark,2
WestbournePark,LadbrokeGrove,2
LadbrokeGrove,LatimerRoad,1.5
LatimerRoad,WoodLane,1.5
WoodLane,Shepherd’sBushMarket,1.5
Shepherd’sBushMarket,GoldhawkRoad,1.5
GoldhawkRoad,Hammersmith,2.5
EdgwareRoad,PaddingtonC,2
PaddingtonB,Bayswater,2
Bayswater,NottingHillGate,1.5
NottingHillGate,HighStreetKensington,2.5
HighStreetKensington,GloucesterRoad,2.5
GloucesterRoad,SouthKensington,1.5
SouthKensington,SloaneSquare,2
SloaneSquare,Victoria,2.5
Victoria,StJames’sPark,1.5
StJames’sPark,Westminster,2
Westminster,Embankment,2
Embankment,Temple,1.5
Temple,Blackfriars,2
Blackfriars,MansionHouse,1.5
MansionHouse,CannonStreet,1.5
CannonStreet,Monument,1
Monument,TowerHill,2
TowerHill,Aldgate,2
Aldgate,LiverpoolStreet,2
EastHam,Barking,4
UptonPark,EastHam,2
Plaistow,UptonPark,2
WestHam,Plaistow,1.5
Bromley-by-Bow,WestHam,2.5
BowRoad,Bromley-by-Bow,2
MileEnd,BowRoad,1.5
StepneyGreen,MileEnd,2
Whitechapel,StepneyGreen,2
AldgateEast,Whitechapel,2.5
LiverpoolStreet,AldgateEast,2.5
Moorgate,LiverpoolStreet,2
Barbican,Moorgate,1.5
Farringdon,Barbican,2
King’sCross,Farringdon,3
EustonSquare,King’sCross,2.5
GreatPortlandStreet,EustonSquare,1.5
BakerStreet,GreatPortlandStreet,2
EdgwareRoad,BakerStreet,2.5
RoyalOak,PaddingtonC,2
WestbournePark,RoyalOak,2
LadbrokeGrove,WestbournePark,1.5
LatimerRoad,LadbrokeGrove,1.5
WoodLane,LatimerRoad,1.5
Shepherd’sBushMarket,WoodLane,1.5
GoldhawkRoad,Shepherd’sBushMarket,1.5
Hammersmith,GoldhawkRoad,1.5
Bayswater,PaddingtonB,2
NottingHillGate,Bayswater,1.5
HighStreetKensington,NottingHillGate,2
GloucesterRoad,HighStreetKensington,2.5
SouthKensington,GloucesterRoad,2
SloaneSquare,SouthKensington,2.5
Victoria,SloaneSquare,2
StJames’sPark,Victoria,2
Westminster,StJames’sPark,2
Embankment,Westminster,1.5
Temple,Embankment,1.5
Blackfriars,Temple,2
MansionHouse,Blackfriars,1.5
CannonStreet,MansionHouse,1.5
Monument,CannonStreet,1
TowerHill,Monument,1.5
Aldgate,TowerHill,2
LiverpoolStreet,Aldgate,2
Upminster,UpminsterBridge,2
UpminsterBridge,Hornchurch,2
Hornchurch,ElmPark,2
ElmPark,DagenhamEast,3
DagenhamEast,DagenhamHeathway,2
DagenhamHeathway,Becontree,2.5
Becontree,Upney,2.5
Upney,Barking,2.5
AldgateEast,TowerHill,2
GloucesterRoad,Earl’sCourt,2.5
HighStreetKensington,Earl’sCourt,1.5
Earl’sCourt,WestBrompton,1.5
WestBrompton,FulhamBroadway,2
FulhamBroadway,ParsonsGreen,1.5
ParsonsGreen,PutneyBridge,2
PutneyBridge,EastPutney,2
EastPutney,Southfields,2.5
Southfields,WimbledonPark,2.5
WimbledonPark,Wimbledon,3.5
Earl’sCourt,Kensington(Olympia),3.5
Earl’sCourt,WestKensington,2
WestKensington,BaronsCourt,1.5
BaronsCourt,Hammersmith,2
Hammersmith,RavenscourtPark,2
RavenscourtPark,StamfordBrook,1.5
StamfordBrook,TurnhamGreen,1.5
TurnhamGreen,Gunnersbury,3
Gunnersbury,KewGardens,2.5
KewGardens,Richmond,4
TurnhamGreen,ChiswickPark,2
ChiswickPark,ActonTown,2.5
ActonTown,EalingCommon,2.5
EalingCommon,EalingBroadway,3.5
UpminsterBridge,Upminster,2.5
Hornchurch,UpminsterBridge,2
ElmPark,Hornchurch,2
DagenhamEast,ElmPark,3
DagenhamHeathway,DagenhamEast,2.5
Becontree,DagenhamHeathway,2
Upney,Becontree,2.5
Barking,Upney,2
TowerHill,AldgateEast,2.5
Earl’sCourt,GloucesterRoad,2.5
Earl’sCourt,HighStreetKensington,2.5
WestBrompton,Earl’sCourt,2.5
FulhamBroadway,WestBrompton,2
ParsonsGreen,FulhamBroadway,1.5
PutneyBridge,ParsonsGreen,2
EastPutney,PutneyBridge,2.5
Southfields,EastPutney,2.5
WimbledonPark,Southfields,2.5
Wimbledon,WimbledonPark,2.5
Kensington(Olympia),Earl’sCourt,3.5
WestKensington,Earl’sCourt,2.5
BaronsCourt,WestKensington,2
Hammersmith,BaronsCourt,1.5
RavenscourtPark,Hammersmith,2.5
StamfordBrook,RavenscourtPark,1.5
TurnhamGreen,StamfordBrook,1.5
Gunnersbury,TurnhamGreen,3
KewGardens,Gunnersbury,3
Richmond,KewGardens,3.5
ChiswickPark,TurnhamGreen,2
ActonTown,ChiswickPark,2
EalingCommon,ActonTown,3
EalingBroadway,EalingCommon,3
BakerStreet(MetropolitanLine),BakerStreet,2
BakerStreet,BakerStreet(MetropolitanLine),2
Bank,Waterloo,4
Waterloo,Bank,4
GreatPortlandStreet,BakerStreet(MetropolitanLine),3
WembleyPark,PrestonRoad,2
PrestonRoad,NorthwickPark,2.5
NorthwickPark,Harrow-on-the-Hill,2.5
Harrow-on-the-Hill,WestHarrow,2
WestHarrow,RaynersLane,2.5
RaynersLane,Eastcote,2
Eastcote,RuislipManor,2
RuislipManor,Ruislip,1.5
Ruislip,Ickenham,2.5
Ickenham,Hillingdon,2
Hillingdon,Uxbridge,3.5
Harrow-on-the-Hill,NorthHarrow,3
NorthHarrow,Pinner,2
Pinner,NorthwoodHills,2.5
NorthwoodHills,Northwood,2.5
Northwood,MoorPark,2.5
MoorPark,Croxley,4
Croxley,Watford,3.5
MoorPark,Rickmansworth,4
Croxley,Rickmansworth,5
Rickmansworth,Chorleywood,3.5
Chorleywood,Chalfont&Latimer,4
Chalfont&Latimer,Chesham,8.5
Chalfont&Latimer,Amersham,4
BakerStreet(MetropolitanLine),GreatPortlandStreet,2
PrestonRoad,WembleyPark,2.5
NorthwickPark,PrestonRoad,2.5
Harrow-on-the-Hill,NorthwickPark,2
WestHarrow,Harrow-on-the-Hill,2.5
RaynersLane,WestHarrow,2
Eastcote,RaynersLane,2.5
RuislipManor,Eastcote,2
Ruislip,RuislipManor,1.5
Ickenham,Ruislip,2.5
Hillingdon,Ickenham,2
Uxbridge,Hillingdon,2.5
NorthHarrow,Harrow-on-the-Hill,3
Pinner,NorthHarrow,2
NorthwoodHills,Pinner,2.5
Northwood,NorthwoodHills,2.5
MoorPark,Northwood,2.5
Croxley,MoorPark,4.5
Watford,Croxley,2.5
Rickmansworth,MoorPark,3.5
Rickmansworth,Croxley,4.5
Chorleywood,Rickmansworth,4
Chalfont&Latimer,Chorleywood,3.5
Chesham,Chalfont&Latimer,8.5
Amersham,Chalfont&Latimer,3.5
Cockfosters,Oakwood,3
Oakwood,Southgate,3
Southgate,ArnosGrove,3
ArnosGrove,BoundsGreen,3.5
BoundsGreen,WoodGreen,2.5
WoodGreen,TurnpikeLane,2
TurnpikeLane,ManorHouse,3.5
ManorHouse,FinsburyPark,2
FinsburyPark,Arsenal,1.5
Arsenal,HollowayRoad,1.5
HollowayRoad,CaledonianRoad,1.5
CaledonianRoad,King’sCross,3
King’sCross,RussellSquare,2.5
RussellSquare,Holborn,1.5
Holborn,CoventGarden,2
CoventGarden,LeicesterSquare,1
LeicesterSquare,PiccadillyCircus,1.5
PiccadillyCircus,GreenPark,1.5
GreenPark,HydeParkCorner,2.5
HydeParkCorner,Knightsbridge,1.5
Knightsbridge,SouthKensington,2.5
ActonTown,SouthEaling,3
SouthEaling,Northfields,1.5
Northfields,BostonManor,2
BostonManor,Osterley,3
Osterley,HounslowEast,2
HounslowEast,HounslowCentral,1.5
HounslowCentral,HounslowWest,2.5
HounslowWest,HattonCross,4.5
HattonCross,HeathrowTerminal4,2.5
HeathrowTerminal4,HeathrowTerminals123,99
HeathrowTerminals123,HattonCross,4.5
HeathrowTerminals123,HeathrowTerminal5,3.5
EalingCommon,NorthEaling,3
NorthEaling,ParkRoyal,2
ParkRoyal,Alperton,2.5
Alperton,SudburyTown,2.5
SudburyTown,SudburyHill,2.5
SudburyHill,SouthHarrow,2.5
SouthHarrow,RaynersLane,3
Oakwood,Cockfosters,3
Southgate,Oakwood,3
ArnosGrove,Southgate,3
BoundsGreen,ArnosGrove,3.5
WoodGreen,BoundsGreen,2.5
TurnpikeLane,WoodGreen,2
ManorHouse,TurnpikeLane,3.5
FinsburyPark,ManorHouse,2
Arsenal,FinsburyPark,1.5
HollowayRoad,Arsenal,1.5
CaledonianRoad,HollowayRoad,1.5
King’sCross,CaledonianRoad,3
RussellSquare,King’sCross,2.5
Holborn,RussellSquare,1.5
CoventGarden,Holborn,2
LeicesterSquare,CoventGarden,1
PiccadillyCircus,LeicesterSquare,1.5
GreenPark,PiccadillyCircus,1.5
HydeParkCorner,GreenPark,2.5
Knightsbridge,HydeParkCorner,1.5
SouthKensington,Knightsbridge,2.5
SouthEaling,ActonTown,4
Northfields,SouthEaling,1
BostonManor,Northfields,2.5
Osterley,BostonManor,3.5
HounslowEast,Osterley,2
HounslowCentral,HounslowEast,1.5
HounslowWest,HounslowCentral,2.5
HattonCross,HounslowWest,3.5
HeathrowTerminal4,HattonCross,99
HeathrowTerminals123,HeathrowTerminal4,6
HattonCross,HeathrowTerminals123,3
HeathrowTerminal5,HeathrowTerminals123,3.5
NorthEaling,EalingCommon,3
ParkRoyal,NorthEaling,2
Alperton,ParkRoyal,2.5
SudburyTown,Alperton,2.5
SudburyHill,SudburyTown,2.5
SouthHarrow,SudburyHill,2.5
RaynersLane,SouthHarrow,3
WalthamstowCentral,BlackhorseRoad,2.08
BlackhorseRoad,TottenhamHale,1.92
TottenhamHale,SevenSisters,1.83
SevenSisters,FinsburyPark,3.33
FinsburyPark,Highbury&Islington,2.33
Highbury&Islington,King’sCross,2.92
King’sCross,Euston,1.5
Euston,WarrenStreet,1.5
WarrenStreet,OxfordCircus,1.58
OxfordCircus,GreenPark,1.92
GreenPark,Victoria,1.92
Victoria,Pimlico,1.83
Pimlico,Vauxhall,1.5
Vauxhall,Stockwell,2.25
Stockwell,Brixton,1.75
BlackhorseRoad,WalthamstowCentral,1.75
TottenhamHale,BlackhorseRoad,1.83
SevenSisters,TottenhamHale,1.67
FinsburyPark,SevenSisters,3.83
Highbury&Islington,FinsburyPark,2.42
King’sCross,Highbury&Islington,2.75
Euston,King’sCross,1.5
WarrenStreet,Euston,1.5
OxfordCircus,WarrenStreet,1.67
GreenPark,OxfordCircus,2
Victoria,GreenPark,1.83
Pimlico,Victoria,2
Vauxhall,Pimlico,1.42
Stockwell,Vauxhall,2.17
Brixton,Stockwell,2
Edgware,BurntOak,2.25
BurntOak,Colindale,2.5
Colindale,HendonCentral,2.75
HendonCentral,BrentCross,2
BrentCross,GoldersGreen,2.5
GoldersGreen,Hampstead,3.5
Hampstead,BelsizePark,2
BelsizePark,ChalkFarm,1.75
ChalkFarm,CamdenTown,2
MillHillEast,FinchleyCentral,2.75
HighBarnet,TotteridgeandWhetstone,3
TotteridgeandWhetstone,WoodsidePark,2.25
WoodsidePark,WestFinchley,1.75
WestFinchley,FinchleyCentral,2.25
FinchleyCentral,EastFinchley,3
EastFinchley,Highgate,2.5
Highgate,Archway,2.75
Archway,TufnellPark,1.75
TufnellPark,KentishTown,1.5
KentishTown,CamdenTown,2.25
CamdenTown,MorningtonCrescent,1.5
MorningtonCrescent,Euston,2
WarrenStreet,GoodgeStreet,1.25
GoodgeStreet,TottenhamCourtRoad,1.5
TottenhamCourtRoad,LeicesterSquare,1.25
LeicesterSquare,CharingCross,1.25
CharingCross,Embankment,1
Embankment,Waterloo,1.5
Waterloo,Kennington,3
CamdenTown,Euston,3
King’sCross,Angel,2.5
Angel,OldStreet,2.25
OldStreet,Moorgate,1.75
Moorgate,Bank,2
Bank,LondonBridge,1.75
LondonBridge,Borough,1.5
Borough,Elephant&Castle,2
Elephant&Castle,Kennington,1.75
Kennington,Oval,1.75
Oval,Stockwell,2.5
Stockwell,ClaphamNorth,1.5
ClaphamNorth,ClaphamCommon,1.5
ClaphamCommon,ClaphamSouth,2.25
ClaphamSouth,Balham,2
Balham,TootingBec,1.75
TootingBec,TootingBroadway,2
TootingBroadway,ColliersWood,2.25
ColliersWood,SouthWimbledon,2.25
SouthWimbledon,Morden,2.25
BurntOak,Edgware,2.25
Colindale,BurntOak,2
HendonCentral,Colindale,2.75
BrentCross,HendonCentral,1.75
GoldersGreen,BrentCross,2.25
Hampstead,GoldersGreen,4
BelsizePark,Hampstead,2
ChalkFarm,BelsizePark,2
CamdenTown,ChalkFarm,1.5
FinchleyCentral,MillHillEast,2.25
TotteridgeandWhetstone,HighBarnet,3.25
WoodsidePark,TotteridgeandWhetstone,2.25
WestFinchley,WoodsidePark,1.75
FinchleyCentral,WestFinchley,2.25
EastFinchley,FinchleyCentral,3.5
Highgate,EastFinchley,2.5
Archway,Highgate,2.75
TufnellPark,Archway,1.75
KentishTown,TufnellPark,1.5
CamdenTown,KentishTown,2
MorningtonCrescent,CamdenTown,1.75
Euston,MorningtonCrescent,2
GoodgeStreet,WarrenStreet,1.25
TottenhamCourtRoad,GoodgeStreet,1.5
LeicesterSquare,TottenhamCourtRoad,1.25
CharingCross,LeicesterSquare,1.5
Embankment,CharingCross,1.25
Waterloo,Embankment,1.5
Kennington,Waterloo,2.5
Euston,CamdenTown,3.25
Angel,King’sCross,2.5
OldStreet,Angel,2.75
Moorgate,OldStreet,1.5
Bank,Moorgate,2
LondonBridge,Bank,1.75
Borough,LondonBridge,1.5
Elephant&Castle,Borough,1.75
Kennington,Elephant&Castle,2
Oval,Kennington,2
Stockwell,Oval,2.25
ClaphamNorth,Stockwell,1.5
ClaphamCommon,ClaphamNorth,1.5
ClaphamSouth,ClaphamCommon,2.25
Balham,ClaphamSouth,2
TootingBec,Balham,1.75
TootingBroadway,TootingBec,2
ColliersWood,TootingBroadway,2
SouthWimbledon,ColliersWood,1.75
Morden,SouthWimbledon,2.5
NorthHarrow,WestHarrow,4.5
NorthwickPark,Kenton,3
CanonsPark,Edgware,7
HighBarnet,Cockfosters,19
WalthamstowCentral,Snaresbrook,19
BuckhurstHill,RodingValley,6
Barking,Leytonstone,14
Leytonstone,WalthamstowCentral,14
Upminster,WestHam,13
AldgateEast,Aldgate,4
Borough,Southwark,5
Southwark,LambethNorth,4
Oval,Vauxhall,4.5
SouthWimbledon,Wimbledon,6
Gunnersbury,ChiswickPark,4
Gunnersbury,SouthActon,3
SouthActon,ActonTown,4.5
WhiteCity,WoodLane,2
Shepherd'sBush,WestBrompton,5
Bayswater,Queensway,3
LancasterGate,Paddington,5
WestBrompton,Earl'scourt,2
RegentsPark,GreatPortlandStreet,2
ParkRoyal,HangerLane,4
NorthEaling,WestActon,3
NorthHarrow,RaynersLane,5.5
WestHarrow,NorthHarrow,4.5
Kenton,NorthwickPark,3
Edgware,CanonsPark,7
Cockfosters,HighBarnet,19
Snaresbrook,WalthamstowCentral,19
RodingValley,BuckhurstHill,6
Leytonstone,Barking,14
WalthamstowCentral,Leytonstone,14
WestHam,Upminster,13
Aldgate,AldgateEast,4
Southwark,Borough,5
LambethNorth,Southwark,4
Vauxhall,Oval,4.5
Wimbledon,SouthWimbledon,6
ChiswickPark,Gunnersbury,4
SouthActon,Gunnersbury,3
ActonTown,SouthActon,4.5
WoodLane,WhiteCity,2
WestBrompton,Shepherd'sBush,5
Queensway,Bayswater,3
Paddington,LancasterGate,5
Earl'scourt,WestBrompton,2
GreatPortlandStreet,RegentsPark,2
HangerLane,ParkRoyal,4
WestActon,NorthEaling,3
RaynersLane,NorthHarrow,5.5
Ickenham,WestRuislip,5.5
WestRuislip,Ickenham,5.5
Chesham,HeathrowTerminal5,1

